id,first_name,last_name,disponibilidad
1,Darb,Richarson,false
2,Cameron,Di Pietro,true
3,Ernst,Zannotelli,true
4,Skippie,Vail,true
5,Sigismond,Matyushkin,false
6,Lavina,Alberts,true
7,Clifford,Playfoot,true
8,Didi,Petto,false
9,Delores,Oakshott,false
10,Celle,Galsworthy,true
11,Jamill,Romanelli,false
12,Kizzee,Ayres,false
13,Pooh,O'Shevlan,true
14,Jacklin,Izakovitz,false
15,Stu,Ord,false
16,Arny,Castaignet,false
17,Richy,Hennemann,true
18,Aleta,Tracy,true
19,Carma,Mesant,true
20,Anestassia,Hurdidge,true
21,Tallia,Lanston,true
22,Madeline,Sex,true
23,Lidia,Pladen,false
24,Jon,Hambright,false
25,Averyl,Baugham,true
26,Rosabella,Crompton,true
27,Gerry,Profit,true
28,Elvina,Chadwen,false
29,Husein,Cawkwell,false
30,Ed,Whanstall,false
31,Arney,Braidford,true
32,Hilario,Degoey,true
33,Allix,Crooks,true
34,Stephen,Skeggs,false
35,Wallis,Hucquart,true
36,Mariam,Gethin,true
37,Ashlie,Tullett,false
38,Doug,Probate,false
39,Joli,Cinderey,false
40,Phelia,Doog,false
41,Homerus,Archibould,true
42,Jolynn,Schieferstein,false
43,Laurianne,Volleth,false
44,Livvie,de'-Ancy Willis,true
45,Sileas,Crutchley,true
46,Herminia,Isakson,false
47,Sada,Roloff,false
48,Octavia,Mowsdill,false
49,Cam,Everingham,true
50,Leigha,Bellingham,true
